model,cv_rho
GBR-only,0.5571986952315918
Pairwise-only,0.1591518002439508
Ensemble,0.35794459503805187
