rxn_id,kind,mean_flux,std_flux,cv,robustness
ATPS4rpp,ko,17.07375689645833,2.4696538550936245,0.14464618829504755,14.604103041364706
ATPM,ko,16.380351876957086,2.423734029788886,0.1479659318583068,13.9566178471682
SUCDi,ko,15.855295394075748,2.965548324688275,0.1870383522220153,12.889747069387473
O2tex,ko,14.809312831981318,3.006526442950362,0.203015931722006,11.802786389030956
G6PDH2r,ko,15.343672357910748,3.6058036710701433,0.23500265039067353,11.737868686840605
O2tpp,ko,14.958902052112078,3.9875504633097583,0.2665670547979944,10.971351588802321
